{
  "compression_ratio": 3.125,
  "generation_tests": [
    {
      "seed": [
        1,
        2
      ],
      "generated": [
        1,
        2,
        13.0,
        46.0,
        16.0,
        39.0,
        49.0,
        23.0,
        21.0,
        21.0,
        46.0,
        35.0
      ],
      "compressed_shape": [
        2,
        16
      ],
      "pattern_continuation": true
    },
    {
      "seed": [
        10,
        11
      ],
      "generated": [
        10,
        11,
        40.0,
        14.0,
        16.0,
        39.0,
        49.0,
        23.0,
        21.0,
        21.0,
        46.0,
        35.0
      ],
      "compressed_shape": [
        2,
        16
      ],
      "pattern_continuation": true
    },
    {
      "seed": [
        20,
        21
      ],
      "generated": [
        20,
        21,
        45.0,
        15.0,
        16.0,
        39.0,
        49.0,
        23.0,
        21.0,
        21.0,
        46.0,
        35.0
      ],
      "compressed_shape": [
        2,
        16
      ],
      "pattern_continuation": true
    },
    {
      "seed": [
        30
      ],
      "generated": [
        30,
        22.0,
        40.0,
        14.0,
        16.0,
        39.0,
        49.0,
        23.0,
        21.0,
        21.0,
        46.0
      ],
      "compressed_shape": [
        1,
        16
      ],
      "pattern_continuation": true
    }
  ],
  "encoder_analysis": {
    "encoder_shape": [
      50,
      16
    ],
    "representation_norms": [
      0.0885660501707908,
      0.07746906980481048,
      0.09036008270871546,
      0.08551952886429139,
      0.07945174206648763,
      0.05856392075904249,
      0.06518517210199555,
      0.06287214723687096,
      0.06910611749926886,
      0.11197618344185771
    ],
    "similarity_patterns": []
  },
  "success": true
}